TS,PRECTOTCORR,WS10M,Cluster
27.64,1.92,1.5,TIDAK BERPOTENSI UPWELLING
27.86,0.32,1.33,TIDAK BERPOTENSI UPWELLING
27.85,1.87,0.97,TIDAK BERPOTENSI UPWELLING
27.93,2.68,1.19,TIDAK BERPOTENSI UPWELLING
27.81,8.82,1.53,TIDAK BERPOTENSI UPWELLING
28.08,2.4,1.67,TIDAK BERPOTENSI UPWELLING
28.06,2.06,1.51,TIDAK BERPOTENSI UPWELLING
28.16,1.73,2.11,TIDAK BERPOTENSI UPWELLING
27.6,51.42,2.58,BERPOTENSI UPWELLING
26.87,15.06,3.0,TIDAK BERPOTENSI UPWELLING
27.11,6.76,2.36,TIDAK BERPOTENSI UPWELLING
27.39,0.42,1.75,TIDAK BERPOTENSI UPWELLING
27.73,2.99,1.8,TIDAK BERPOTENSI UPWELLING
27.59,7.69,1.59,TIDAK BERPOTENSI UPWELLING
27.75,5.61,1.52,TIDAK BERPOTENSI UPWELLING
27.64,13.25,1.29,TIDAK BERPOTENSI UPWELLING
27.4,13.57,1.82,TIDAK BERPOTENSI UPWELLING
27.43,29.98,1.62,BERPOTENSI UPWELLING
27.65,13.29,2.3,TIDAK BERPOTENSI UPWELLING
27.36,42.51,2.59,BERPOTENSI UPWELLING
27.86,2.43,1.09,TIDAK BERPOTENSI UPWELLING
27.81,3.41,1.3,TIDAK BERPOTENSI UPWELLING
28.03,4.34,1.31,TIDAK BERPOTENSI UPWELLING
28.27,1.87,1.98,TIDAK BERPOTENSI UPWELLING
27.87,16.12,3.05,TIDAK BERPOTENSI UPWELLING
27.93,13.96,2.27,TIDAK BERPOTENSI UPWELLING
27.64,11.05,2.13,TIDAK BERPOTENSI UPWELLING
27.84,35.19,2.52,BERPOTENSI UPWELLING
27.26,47.45,2.74,BERPOTENSI UPWELLING
27.42,0.84,1.58,TIDAK BERPOTENSI UPWELLING
27.92,3.27,1.33,TIDAK BERPOTENSI UPWELLING
27.83,14.68,1.04,TIDAK BERPOTENSI UPWELLING
28.01,16.43,2.05,TIDAK BERPOTENSI UPWELLING
27.94,32.74,1.91,BERPOTENSI UPWELLING
27.94,0.44,1.87,TIDAK BERPOTENSI UPWELLING
27.46,5.67,1.53,TIDAK BERPOTENSI UPWELLING
27.62,10.49,2.98,TIDAK BERPOTENSI UPWELLING
27.25,71.14,3.7,BERPOTENSI UPWELLING
26.73,44.87,3.28,BERPOTENSI UPWELLING
27.29,2.55,1.08,TIDAK BERPOTENSI UPWELLING
27.58,4.8,1.68,TIDAK BERPOTENSI UPWELLING
27.86,4.54,1.93,TIDAK BERPOTENSI UPWELLING
28.03,13.06,1.71,TIDAK BERPOTENSI UPWELLING
27.41,22.53,2.94,TIDAK BERPOTENSI UPWELLING
27.12,24.05,3.05,TIDAK BERPOTENSI UPWELLING
27.3,18.69,3.78,TIDAK BERPOTENSI UPWELLING
27.14,2.0,2.23,TIDAK BERPOTENSI UPWELLING
27.5,18.08,1.57,TIDAK BERPOTENSI UPWELLING
27.54,8.21,1.41,TIDAK BERPOTENSI UPWELLING
27.74,4.67,1.17,TIDAK BERPOTENSI UPWELLING
28.12,1.17,1.34,TIDAK BERPOTENSI UPWELLING
28.19,0.63,1.36,TIDAK BERPOTENSI UPWELLING
28.12,0.21,2.16,TIDAK BERPOTENSI UPWELLING
28.03,0.09,2.13,TIDAK BERPOTENSI UPWELLING
28.18,0.3,1.98,TIDAK BERPOTENSI UPWELLING
28.68,0.61,1.42,TIDAK BERPOTENSI UPWELLING
28.58,1.88,1.91,TIDAK BERPOTENSI UPWELLING
28.55,1.46,1.16,TIDAK BERPOTENSI UPWELLING
28.65,2.58,1.56,TIDAK BERPOTENSI UPWELLING
28.01,21.33,1.3,TIDAK BERPOTENSI UPWELLING
28.4,5.89,1.44,TIDAK BERPOTENSI UPWELLING
27.98,14.49,2.6,TIDAK BERPOTENSI UPWELLING
27.58,85.73,2.44,BERPOTENSI UPWELLING
27.37,25.23,4.09,TIDAK BERPOTENSI UPWELLING
27.54,2.66,1.8,TIDAK BERPOTENSI UPWELLING
27.63,1.97,1.67,TIDAK BERPOTENSI UPWELLING
28.11,1.26,1.28,TIDAK BERPOTENSI UPWELLING
27.9,15.6,2.61,TIDAK BERPOTENSI UPWELLING
27.96,0.67,1.81,TIDAK BERPOTENSI UPWELLING
27.98,0.25,1.95,TIDAK BERPOTENSI UPWELLING
28.22,0.16,2.98,TIDAK BERPOTENSI UPWELLING
28.39,1.96,3.12,TIDAK BERPOTENSI UPWELLING
28.46,2.87,2.43,TIDAK BERPOTENSI UPWELLING
28.71,2.28,1.3,TIDAK BERPOTENSI UPWELLING
28.76,1.56,1.52,TIDAK BERPOTENSI UPWELLING
28.33,9.79,1.59,TIDAK BERPOTENSI UPWELLING
28.3,17.4,1.75,TIDAK BERPOTENSI UPWELLING
28.03,12.06,2.45,TIDAK BERPOTENSI UPWELLING
27.4,20.48,3.31,TIDAK BERPOTENSI UPWELLING
27.82,8.62,1.89,TIDAK BERPOTENSI UPWELLING
27.85,7.86,2.23,TIDAK BERPOTENSI UPWELLING
27.72,35.46,2.14,BERPOTENSI UPWELLING
27.92,2.2,1.77,TIDAK BERPOTENSI UPWELLING
27.59,8.73,2.2,TIDAK BERPOTENSI UPWELLING
27.8,13.8,2.23,TIDAK BERPOTENSI UPWELLING
27.64,61.45,3.57,BERPOTENSI UPWELLING
27.59,2.54,1.28,TIDAK BERPOTENSI UPWELLING
27.86,7.24,1.34,TIDAK BERPOTENSI UPWELLING
27.85,24.83,2.38,TIDAK BERPOTENSI UPWELLING
27.68,14.96,2.02,TIDAK BERPOTENSI UPWELLING
27.64,4.14,1.63,TIDAK BERPOTENSI UPWELLING
27.67,4.48,2.13,TIDAK BERPOTENSI UPWELLING
27.66,11.16,2.18,TIDAK BERPOTENSI UPWELLING
27.65,11.18,1.06,TIDAK BERPOTENSI UPWELLING
27.79,10.14,1.59,TIDAK BERPOTENSI UPWELLING
27.13,82.23,3.91,BERPOTENSI UPWELLING
27.08,10.11,1.7,TIDAK BERPOTENSI UPWELLING
27.58,3.74,1.77,TIDAK BERPOTENSI UPWELLING
27.62,5.94,1.43,TIDAK BERPOTENSI UPWELLING
27.56,15.63,2.24,TIDAK BERPOTENSI UPWELLING
27.37,28.18,1.51,BERPOTENSI UPWELLING
28.28,15.01,1.45,TIDAK BERPOTENSI UPWELLING
28.06,8.16,1.99,TIDAK BERPOTENSI UPWELLING
27.69,7.12,2.34,TIDAK BERPOTENSI UPWELLING
27.86,8.86,1.53,TIDAK BERPOTENSI UPWELLING
27.48,27.6,2.93,BERPOTENSI UPWELLING
27.54,11.34,1.92,TIDAK BERPOTENSI UPWELLING
27.73,18.69,1.02,TIDAK BERPOTENSI UPWELLING
28.01,5.33,1.34,TIDAK BERPOTENSI UPWELLING
28.04,9.7,2.14,TIDAK BERPOTENSI UPWELLING
28.46,2.06,1.0,TIDAK BERPOTENSI UPWELLING
28.58,2.17,1.36,TIDAK BERPOTENSI UPWELLING
28.48,5.89,1.19,TIDAK BERPOTENSI UPWELLING
28.05,12.85,1.34,TIDAK BERPOTENSI UPWELLING
28.36,15.41,1.59,TIDAK BERPOTENSI UPWELLING
28.22,10.94,1.27,TIDAK BERPOTENSI UPWELLING
27.9,68.18,1.97,BERPOTENSI UPWELLING
27.8,6.65,1.69,TIDAK BERPOTENSI UPWELLING
27.79,6.17,1.52,TIDAK BERPOTENSI UPWELLING
27.64,9.08,2.07,TIDAK BERPOTENSI UPWELLING
27.2,20.26,2.6,TIDAK BERPOTENSI UPWELLING
27.03,44.41,3.7,BERPOTENSI UPWELLING
27.31,13.94,3.36,TIDAK BERPOTENSI UPWELLING
27.55,3.95,2.84,TIDAK BERPOTENSI UPWELLING
27.7,4.97,2.49,TIDAK BERPOTENSI UPWELLING
27.4,15.3,2.38,TIDAK BERPOTENSI UPWELLING
27.8,6.82,2.21,TIDAK BERPOTENSI UPWELLING
27.85,8.11,2.88,TIDAK BERPOTENSI UPWELLING
27.58,10.63,3.69,TIDAK BERPOTENSI UPWELLING
27.56,11.83,1.18,TIDAK BERPOTENSI UPWELLING
27.62,7.72,2.06,TIDAK BERPOTENSI UPWELLING
27.98,1.1,1.7,TIDAK BERPOTENSI UPWELLING
28.04,13.15,1.45,TIDAK BERPOTENSI UPWELLING
27.87,20.51,1.51,TIDAK BERPOTENSI UPWELLING
28.11,3.55,1.99,TIDAK BERPOTENSI UPWELLING
27.62,31.47,1.92,BERPOTENSI UPWELLING
28.12,14.41,1.96,TIDAK BERPOTENSI UPWELLING
27.48,20.15,3.79,TIDAK BERPOTENSI UPWELLING
27.41,4.88,2.06,TIDAK BERPOTENSI UPWELLING
27.85,8.73,3.54,TIDAK BERPOTENSI UPWELLING
27.27,14.2,3.56,TIDAK BERPOTENSI UPWELLING
27.37,0.46,3.58,TIDAK BERPOTENSI UPWELLING
27.53,4.08,2.6,TIDAK BERPOTENSI UPWELLING
27.5,5.57,2.97,TIDAK BERPOTENSI UPWELLING
27.52,4.26,1.28,TIDAK BERPOTENSI UPWELLING
27.47,4.27,1.74,TIDAK BERPOTENSI UPWELLING
27.32,11.94,2.4,TIDAK BERPOTENSI UPWELLING
27.51,2.92,1.54,TIDAK BERPOTENSI UPWELLING
27.69,0.75,1.43,TIDAK BERPOTENSI UPWELLING
27.64,2.73,1.13,TIDAK BERPOTENSI UPWELLING
27.49,5.92,1.81,TIDAK BERPOTENSI UPWELLING
27.3,7.72,1.89,TIDAK BERPOTENSI UPWELLING
27.47,1.91,1.28,TIDAK BERPOTENSI UPWELLING
27.62,0.64,1.82,TIDAK BERPOTENSI UPWELLING
27.41,8.66,2.19,TIDAK BERPOTENSI UPWELLING
26.68,27.73,2.59,BERPOTENSI UPWELLING
26.33,19.34,2.43,TIDAK BERPOTENSI UPWELLING
26.69,1.83,1.28,TIDAK BERPOTENSI UPWELLING
27.06,0.91,1.71,TIDAK BERPOTENSI UPWELLING
27.4,1.21,1.89,TIDAK BERPOTENSI UPWELLING
27.37,1.47,1.5,TIDAK BERPOTENSI UPWELLING
27.48,0.92,1.34,TIDAK BERPOTENSI UPWELLING
27.51,1.27,1.59,TIDAK BERPOTENSI UPWELLING
27.15,14.22,3.23,TIDAK BERPOTENSI UPWELLING
27.15,1.74,1.65,TIDAK BERPOTENSI UPWELLING
27.61,0.73,1.38,TIDAK BERPOTENSI UPWELLING
27.83,1.31,1.23,TIDAK BERPOTENSI UPWELLING
27.42,17.02,1.92,TIDAK BERPOTENSI UPWELLING
27.22,4.86,2.31,TIDAK BERPOTENSI UPWELLING
27.01,5.64,2.33,TIDAK BERPOTENSI UPWELLING
26.77,9.94,2.27,TIDAK BERPOTENSI UPWELLING
26.72,5.12,1.82,TIDAK BERPOTENSI UPWELLING
26.8,17.51,1.73,TIDAK BERPOTENSI UPWELLING
26.59,18.05,2.26,TIDAK BERPOTENSI UPWELLING
26.96,24.85,2.05,TIDAK BERPOTENSI UPWELLING
26.87,12.32,1.89,TIDAK BERPOTENSI UPWELLING
27.14,0.24,1.34,TIDAK BERPOTENSI UPWELLING
27.05,0.25,1.09,TIDAK BERPOTENSI UPWELLING
27.15,0.05,1.21,TIDAK BERPOTENSI UPWELLING
27.43,0.15,2.04,TIDAK BERPOTENSI UPWELLING
27.43,0.55,1.8,TIDAK BERPOTENSI UPWELLING
27.38,4.09,1.85,TIDAK BERPOTENSI UPWELLING
27.75,3.0,1.8,TIDAK BERPOTENSI UPWELLING
27.63,3.53,1.74,TIDAK BERPOTENSI UPWELLING
27.73,1.69,1.08,TIDAK BERPOTENSI UPWELLING
27.52,5.51,1.76,TIDAK BERPOTENSI UPWELLING
27.82,1.45,1.07,TIDAK BERPOTENSI UPWELLING
27.41,5.57,2.54,TIDAK BERPOTENSI UPWELLING
27.09,6.01,2.73,TIDAK BERPOTENSI UPWELLING
27.17,26.12,2.6,TIDAK BERPOTENSI UPWELLING
26.74,85.49,2.88,BERPOTENSI UPWELLING
27.37,8.39,1.48,TIDAK BERPOTENSI UPWELLING
27.12,15.61,2.68,TIDAK BERPOTENSI UPWELLING
26.73,22.49,1.94,TIDAK BERPOTENSI UPWELLING
26.83,5.62,1.46,TIDAK BERPOTENSI UPWELLING
27.33,0.42,1.73,TIDAK BERPOTENSI UPWELLING
27.65,1.35,1.7,TIDAK BERPOTENSI UPWELLING
27.77,4.85,1.81,TIDAK BERPOTENSI UPWELLING
27.52,6.2,2.11,TIDAK BERPOTENSI UPWELLING
27.43,14.12,2.7,TIDAK BERPOTENSI UPWELLING
27.47,11.13,1.58,TIDAK BERPOTENSI UPWELLING
27.88,2.38,1.62,TIDAK BERPOTENSI UPWELLING
27.87,6.38,2.02,TIDAK BERPOTENSI UPWELLING
26.87,106.25,4.84,BERPOTENSI UPWELLING
26.97,18.47,2.2,TIDAK BERPOTENSI UPWELLING
27.48,2.38,1.12,TIDAK BERPOTENSI UPWELLING
27.33,7.19,2.63,TIDAK BERPOTENSI UPWELLING
26.89,10.47,3.66,TIDAK BERPOTENSI UPWELLING
26.89,15.12,1.98,TIDAK BERPOTENSI UPWELLING
26.74,16.52,2.27,TIDAK BERPOTENSI UPWELLING
27.04,1.54,1.34,TIDAK BERPOTENSI UPWELLING
26.97,3.5,2.06,TIDAK BERPOTENSI UPWELLING
26.9,7.95,2.24,TIDAK BERPOTENSI UPWELLING
26.85,7.31,2.62,TIDAK BERPOTENSI UPWELLING
26.94,3.44,2.03,TIDAK BERPOTENSI UPWELLING
27.07,7.21,2.32,TIDAK BERPOTENSI UPWELLING
26.44,13.23,3.27,TIDAK BERPOTENSI UPWELLING
26.82,0.62,1.6,TIDAK BERPOTENSI UPWELLING
27.3,0.24,1.59,TIDAK BERPOTENSI UPWELLING
27.41,0.47,1.39,TIDAK BERPOTENSI UPWELLING
27.36,0.98,1.72,TIDAK BERPOTENSI UPWELLING
27.42,4.56,1.82,TIDAK BERPOTENSI UPWELLING
27.41,0.96,1.88,TIDAK BERPOTENSI UPWELLING
27.38,1.77,1.93,TIDAK BERPOTENSI UPWELLING
27.34,2.77,1.45,TIDAK BERPOTENSI UPWELLING
27.13,2.65,1.83,TIDAK BERPOTENSI UPWELLING
27.23,0.24,1.2,TIDAK BERPOTENSI UPWELLING
27.44,4.48,1.78,TIDAK BERPOTENSI UPWELLING
27.24,4.53,1.81,TIDAK BERPOTENSI UPWELLING
26.69,33.61,2.83,BERPOTENSI UPWELLING
26.91,4.89,2.7,TIDAK BERPOTENSI UPWELLING
27.26,1.12,1.57,TIDAK BERPOTENSI UPWELLING
27.82,0.97,1.41,TIDAK BERPOTENSI UPWELLING
27.71,13.69,3.17,TIDAK BERPOTENSI UPWELLING
27.48,11.89,1.55,TIDAK BERPOTENSI UPWELLING
27.33,4.44,1.27,TIDAK BERPOTENSI UPWELLING
27.79,1.89,1.6,TIDAK BERPOTENSI UPWELLING
27.73,4.14,1.27,TIDAK BERPOTENSI UPWELLING
27.68,4.88,1.87,TIDAK BERPOTENSI UPWELLING
27.55,3.0,2.01,TIDAK BERPOTENSI UPWELLING
27.33,7.01,1.99,TIDAK BERPOTENSI UPWELLING
27.12,7.7,2.48,TIDAK BERPOTENSI UPWELLING
27.06,5.58,2.23,TIDAK BERPOTENSI UPWELLING
27.29,15.31,1.97,TIDAK BERPOTENSI UPWELLING
27.49,28.9,2.87,BERPOTENSI UPWELLING
27.52,3.45,2.88,TIDAK BERPOTENSI UPWELLING
27.65,7.47,1.84,TIDAK BERPOTENSI UPWELLING
27.14,19.11,2.56,TIDAK BERPOTENSI UPWELLING
26.64,10.65,2.29,TIDAK BERPOTENSI UPWELLING
27.4,1.01,1.74,TIDAK BERPOTENSI UPWELLING
27.68,0.6,1.61,TIDAK BERPOTENSI UPWELLING
27.76,13.27,1.99,TIDAK BERPOTENSI UPWELLING
27.15,18.9,4.79,TIDAK BERPOTENSI UPWELLING
26.54,24.14,2.79,TIDAK BERPOTENSI UPWELLING
26.69,6.15,2.61,TIDAK BERPOTENSI UPWELLING
26.92,8.59,2.94,TIDAK BERPOTENSI UPWELLING
27.14,2.45,1.55,TIDAK BERPOTENSI UPWELLING
27.07,1.82,1.77,TIDAK BERPOTENSI UPWELLING
26.6,2.75,2.13,TIDAK BERPOTENSI UPWELLING
26.59,3.94,1.78,TIDAK BERPOTENSI UPWELLING
26.62,5.4,1.79,TIDAK BERPOTENSI UPWELLING
26.44,14.05,3.34,TIDAK BERPOTENSI UPWELLING
26.78,12.38,2.22,TIDAK BERPOTENSI UPWELLING
26.67,16.36,1.69,TIDAK BERPOTENSI UPWELLING
26.75,5.65,1.43,TIDAK BERPOTENSI UPWELLING
26.74,9.12,2.69,TIDAK BERPOTENSI UPWELLING
26.58,29.94,3.15,BERPOTENSI UPWELLING
26.67,6.43,1.44,TIDAK BERPOTENSI UPWELLING
26.83,9.44,1.81,TIDAK BERPOTENSI UPWELLING
26.3,21.1,2.71,TIDAK BERPOTENSI UPWELLING
26.66,4.22,1.75,TIDAK BERPOTENSI UPWELLING
26.76,3.97,1.95,TIDAK BERPOTENSI UPWELLING
27.37,9.05,1.34,TIDAK BERPOTENSI UPWELLING
27.41,6.68,1.83,TIDAK BERPOTENSI UPWELLING
26.8,28.99,3.43,BERPOTENSI UPWELLING
26.44,67.4,3.4,BERPOTENSI UPWELLING
26.65,8.51,1.95,TIDAK BERPOTENSI UPWELLING
26.92,2.09,1.49,TIDAK BERPOTENSI UPWELLING
27.01,11.44,2.34,TIDAK BERPOTENSI UPWELLING
26.69,12.16,4.02,TIDAK BERPOTENSI UPWELLING
26.51,16.07,3.27,TIDAK BERPOTENSI UPWELLING
26.23,33.79,4.05,BERPOTENSI UPWELLING
26.28,15.95,3.13,TIDAK BERPOTENSI UPWELLING
26.52,4.26,2.36,TIDAK BERPOTENSI UPWELLING
26.59,4.94,1.91,TIDAK BERPOTENSI UPWELLING
26.71,3.48,1.84,TIDAK BERPOTENSI UPWELLING
26.31,6.74,1.97,TIDAK BERPOTENSI UPWELLING
26.23,11.55,2.12,TIDAK BERPOTENSI UPWELLING
26.01,4.0,1.48,TIDAK BERPOTENSI UPWELLING
26.23,0.73,1.54,TIDAK BERPOTENSI UPWELLING
26.15,7.36,2.65,TIDAK BERPOTENSI UPWELLING
26.59,0.8,1.64,TIDAK BERPOTENSI UPWELLING
26.94,2.36,1.37,TIDAK BERPOTENSI UPWELLING
26.73,6.39,2.24,TIDAK BERPOTENSI UPWELLING
26.83,7.06,3.79,TIDAK BERPOTENSI UPWELLING
26.5,11.31,2.54,TIDAK BERPOTENSI UPWELLING
26.44,5.13,1.38,TIDAK BERPOTENSI UPWELLING
26.19,7.66,2.21,TIDAK BERPOTENSI UPWELLING
26.33,8.27,1.95,TIDAK BERPOTENSI UPWELLING
26.19,2.41,1.72,TIDAK BERPOTENSI UPWELLING
26.42,3.35,1.03,TIDAK BERPOTENSI UPWELLING
26.94,3.08,1.45,TIDAK BERPOTENSI UPWELLING
26.77,2.81,1.73,TIDAK BERPOTENSI UPWELLING
26.32,5.98,2.43,TIDAK BERPOTENSI UPWELLING
26.25,18.32,3.09,TIDAK BERPOTENSI UPWELLING
26.26,11.15,1.81,TIDAK BERPOTENSI UPWELLING
26.71,9.3,2.68,TIDAK BERPOTENSI UPWELLING
26.73,13.66,2.09,TIDAK BERPOTENSI UPWELLING
26.75,6.64,1.67,TIDAK BERPOTENSI UPWELLING
26.63,1.57,1.47,TIDAK BERPOTENSI UPWELLING
26.73,8.68,1.87,TIDAK BERPOTENSI UPWELLING
26.73,11.33,1.56,TIDAK BERPOTENSI UPWELLING
26.27,15.61,2.08,TIDAK BERPOTENSI UPWELLING
26.67,7.86,1.86,TIDAK BERPOTENSI UPWELLING
26.25,4.15,1.98,TIDAK BERPOTENSI UPWELLING
27.22,6.89,2.08,TIDAK BERPOTENSI UPWELLING
27.5,14.14,1.87,TIDAK BERPOTENSI UPWELLING
27.71,41.21,2.02,BERPOTENSI UPWELLING
27.69,6.85,1.52,TIDAK BERPOTENSI UPWELLING
27.77,10.05,1.0,TIDAK BERPOTENSI UPWELLING
27.65,23.81,1.38,TIDAK BERPOTENSI UPWELLING
27.3,47.51,1.62,BERPOTENSI UPWELLING
27.44,8.55,1.45,TIDAK BERPOTENSI UPWELLING
26.87,35.15,2.48,BERPOTENSI UPWELLING
27.04,18.54,2.9,TIDAK BERPOTENSI UPWELLING
26.63,31.46,2.98,BERPOTENSI UPWELLING
26.94,6.89,3.79,TIDAK BERPOTENSI UPWELLING
26.94,13.79,2.98,TIDAK BERPOTENSI UPWELLING
26.78,16.33,2.46,TIDAK BERPOTENSI UPWELLING
26.33,59.82,2.53,BERPOTENSI UPWELLING
26.3,30.97,2.92,BERPOTENSI UPWELLING
26.49,9.53,3.47,TIDAK BERPOTENSI UPWELLING
26.3,16.69,1.41,TIDAK BERPOTENSI UPWELLING
26.47,3.66,1.32,TIDAK BERPOTENSI UPWELLING
26.4,1.64,1.68,TIDAK BERPOTENSI UPWELLING
27.01,1.08,1.37,TIDAK BERPOTENSI UPWELLING
26.76,0.23,2.02,TIDAK BERPOTENSI UPWELLING
26.89,1.21,2.21,TIDAK BERPOTENSI UPWELLING
27.13,1.98,1.54,TIDAK BERPOTENSI UPWELLING
27.01,2.52,2.29,TIDAK BERPOTENSI UPWELLING
27.19,3.1,1.5,TIDAK BERPOTENSI UPWELLING
26.93,4.76,2.31,TIDAK BERPOTENSI UPWELLING
27.12,6.18,1.52,TIDAK BERPOTENSI UPWELLING
26.48,39.02,3.03,BERPOTENSI UPWELLING
25.98,32.21,2.56,BERPOTENSI UPWELLING
26.13,11.09,3.03,TIDAK BERPOTENSI UPWELLING
26.49,5.75,2.02,TIDAK BERPOTENSI UPWELLING
26.16,5.13,2.9,TIDAK BERPOTENSI UPWELLING
26.56,3.67,2.96,TIDAK BERPOTENSI UPWELLING
26.43,7.36,1.8,TIDAK BERPOTENSI UPWELLING
26.15,15.28,2.0,TIDAK BERPOTENSI UPWELLING
26.39,12.35,2.72,TIDAK BERPOTENSI UPWELLING
26.19,13.2,2.29,TIDAK BERPOTENSI UPWELLING
26.23,7.42,1.48,TIDAK BERPOTENSI UPWELLING
26.75,0.35,1.86,TIDAK BERPOTENSI UPWELLING
27.15,1.06,1.34,TIDAK BERPOTENSI UPWELLING
27.22,4.23,1.9,TIDAK BERPOTENSI UPWELLING
27.08,20.94,2.18,TIDAK BERPOTENSI UPWELLING
26.5,16.04,2.19,TIDAK BERPOTENSI UPWELLING
26.98,2.99,2.88,TIDAK BERPOTENSI UPWELLING
26.73,5.65,1.95,TIDAK BERPOTENSI UPWELLING
26.84,6.3,1.93,TIDAK BERPOTENSI UPWELLING
26.33,6.77,1.94,TIDAK BERPOTENSI UPWELLING
26.05,6.53,1.11,TIDAK BERPOTENSI UPWELLING
26.26,12.82,2.08,TIDAK BERPOTENSI UPWELLING
26.4,12.74,1.02,TIDAK BERPOTENSI UPWELLING
27.15,17.3,1.3,TIDAK BERPOTENSI UPWELLING
27.08,19.14,1.39,TIDAK BERPOTENSI UPWELLING
27.01,16.75,1.07,TIDAK BERPOTENSI UPWELLING
27.12,0.53,1.53,TIDAK BERPOTENSI UPWELLING
27.48,0.89,2.12,TIDAK BERPOTENSI UPWELLING
27.27,4.49,2.98,TIDAK BERPOTENSI UPWELLING
27.32,3.63,2.02,TIDAK BERPOTENSI UPWELLING
27.35,57.22,1.9,BERPOTENSI UPWELLING
27.03,27.89,1.72,BERPOTENSI UPWELLING
26.83,11.59,1.52,TIDAK BERPOTENSI UPWELLING
27.13,13.85,1.55,TIDAK BERPOTENSI UPWELLING
27.07,12.41,1.7,TIDAK BERPOTENSI UPWELLING
27.25,10.56,1.5,TIDAK BERPOTENSI UPWELLING
27.26,0.46,1.13,TIDAK BERPOTENSI UPWELLING
27.08,0.32,1.88,TIDAK BERPOTENSI UPWELLING
26.75,1.74,1.94,TIDAK BERPOTENSI UPWELLING
26.85,8.05,2.02,TIDAK BERPOTENSI UPWELLING
26.42,6.67,2.4,TIDAK BERPOTENSI UPWELLING
27.08,0.92,2.0,TIDAK BERPOTENSI UPWELLING
27.2,1.33,1.84,TIDAK BERPOTENSI UPWELLING
27.29,3.55,1.92,TIDAK BERPOTENSI UPWELLING
26.88,4.27,1.68,TIDAK BERPOTENSI UPWELLING
26.72,2.82,2.1,TIDAK BERPOTENSI UPWELLING
27.12,5.74,1.97,TIDAK BERPOTENSI UPWELLING
26.89,13.41,2.2,TIDAK BERPOTENSI UPWELLING
26.46,5.21,1.72,TIDAK BERPOTENSI UPWELLING
26.72,15.48,1.63,TIDAK BERPOTENSI UPWELLING
26.72,9.31,2.23,TIDAK BERPOTENSI UPWELLING
26.95,5.95,1.55,TIDAK BERPOTENSI UPWELLING
26.95,9.9,1.47,TIDAK BERPOTENSI UPWELLING
27.37,8.84,1.74,TIDAK BERPOTENSI UPWELLING
27.15,9.4,1.82,TIDAK BERPOTENSI UPWELLING
26.85,10.07,1.05,TIDAK BERPOTENSI UPWELLING
26.45,7.14,2.27,TIDAK BERPOTENSI UPWELLING
26.89,8.61,1.72,TIDAK BERPOTENSI UPWELLING
27.71,4.3,1.76,TIDAK BERPOTENSI UPWELLING
27.85,2.72,2.01,TIDAK BERPOTENSI UPWELLING
27.83,3.01,1.79,TIDAK BERPOTENSI UPWELLING
27.92,3.8,1.18,TIDAK BERPOTENSI UPWELLING
27.69,1.3,1.51,TIDAK BERPOTENSI UPWELLING
27.69,1.03,1.32,TIDAK BERPOTENSI UPWELLING
27.65,0.93,1.53,TIDAK BERPOTENSI UPWELLING
27.75,1.03,1.54,TIDAK BERPOTENSI UPWELLING
28.01,3.06,2.22,TIDAK BERPOTENSI UPWELLING
27.65,11.19,2.55,TIDAK BERPOTENSI UPWELLING
27.69,0.51,2.11,TIDAK BERPOTENSI UPWELLING
27.45,2.76,2.76,TIDAK BERPOTENSI UPWELLING
27.91,3.1,2.38,TIDAK BERPOTENSI UPWELLING
27.44,9.29,1.9,TIDAK BERPOTENSI UPWELLING
27.33,4.77,1.77,TIDAK BERPOTENSI UPWELLING
26.87,2.55,1.73,TIDAK BERPOTENSI UPWELLING
27.98,1.91,1.98,TIDAK BERPOTENSI UPWELLING
27.87,6.54,2.19,TIDAK BERPOTENSI UPWELLING
27.55,17.33,2.98,TIDAK BERPOTENSI UPWELLING
27.45,6.41,2.76,TIDAK BERPOTENSI UPWELLING
27.32,4.65,2.98,TIDAK BERPOTENSI UPWELLING
27.01,9.68,4.63,TIDAK BERPOTENSI UPWELLING
27.47,4.08,2.95,TIDAK BERPOTENSI UPWELLING
27.6,1.48,2.33,TIDAK BERPOTENSI UPWELLING
27.41,15.1,2.06,TIDAK BERPOTENSI UPWELLING
27.4,36.38,2.25,BERPOTENSI UPWELLING
27.26,10.73,2.05,TIDAK BERPOTENSI UPWELLING
27.86,3.38,1.62,TIDAK BERPOTENSI UPWELLING
27.63,10.28,1.75,TIDAK BERPOTENSI UPWELLING
27.05,51.69,3.76,BERPOTENSI UPWELLING
26.69,41.27,2.1,BERPOTENSI UPWELLING
26.91,0.79,1.42,TIDAK BERPOTENSI UPWELLING
27.47,11.82,1.44,TIDAK BERPOTENSI UPWELLING
27.68,7.74,2.24,TIDAK BERPOTENSI UPWELLING
27.21,21.06,1.84,TIDAK BERPOTENSI UPWELLING
27.18,30.89,2.53,BERPOTENSI UPWELLING
27.31,6.31,1.84,TIDAK BERPOTENSI UPWELLING
27.1,18.73,0.92,TIDAK BERPOTENSI UPWELLING
27.4,4.99,1.57,TIDAK BERPOTENSI UPWELLING
26.91,13.76,2.63,TIDAK BERPOTENSI UPWELLING
27.03,4.67,1.65,TIDAK BERPOTENSI UPWELLING
27.33,3.31,1.5,TIDAK BERPOTENSI UPWELLING
27.01,5.48,2.17,TIDAK BERPOTENSI UPWELLING
26.83,73.54,3.23,BERPOTENSI UPWELLING
27.08,9.8,2.3,TIDAK BERPOTENSI UPWELLING
26.97,49.92,1.68,BERPOTENSI UPWELLING
27.27,23.61,1.54,TIDAK BERPOTENSI UPWELLING
27.19,22.1,1.24,TIDAK BERPOTENSI UPWELLING
26.99,27.43,1.72,BERPOTENSI UPWELLING
27.55,59.17,1.88,BERPOTENSI UPWELLING
27.1,15.02,2.77,TIDAK BERPOTENSI UPWELLING
27.26,2.93,2.09,TIDAK BERPOTENSI UPWELLING
26.67,19.59,2.42,TIDAK BERPOTENSI UPWELLING
27.13,7.56,3.82,TIDAK BERPOTENSI UPWELLING
26.65,45.86,4.96,BERPOTENSI UPWELLING
26.72,4.81,4.04,TIDAK BERPOTENSI UPWELLING
26.21,4.39,4.45,TIDAK BERPOTENSI UPWELLING
26.24,20.03,4.24,TIDAK BERPOTENSI UPWELLING
26.65,7.8,4.44,TIDAK BERPOTENSI UPWELLING
26.57,5.0,2.31,TIDAK BERPOTENSI UPWELLING
26.8,7.14,2.0,TIDAK BERPOTENSI UPWELLING
27.05,5.33,1.66,TIDAK BERPOTENSI UPWELLING
27.14,5.94,2.31,TIDAK BERPOTENSI UPWELLING
27.15,8.01,2.01,TIDAK BERPOTENSI UPWELLING
27.65,6.32,1.48,TIDAK BERPOTENSI UPWELLING
27.54,10.16,2.01,TIDAK BERPOTENSI UPWELLING
27.45,10.02,1.62,TIDAK BERPOTENSI UPWELLING
27.41,5.73,1.65,TIDAK BERPOTENSI UPWELLING
26.9,5.19,0.91,TIDAK BERPOTENSI UPWELLING
27.25,1.68,1.71,TIDAK BERPOTENSI UPWELLING
27.29,3.67,2.02,TIDAK BERPOTENSI UPWELLING
26.91,28.87,1.55,BERPOTENSI UPWELLING
27.41,2.44,1.59,TIDAK BERPOTENSI UPWELLING
27.32,5.51,2.16,TIDAK BERPOTENSI UPWELLING
27.59,1.39,1.68,TIDAK BERPOTENSI UPWELLING
27.61,13.37,1.8,TIDAK BERPOTENSI UPWELLING
26.8,28.08,2.24,BERPOTENSI UPWELLING
27.07,6.34,1.3,TIDAK BERPOTENSI UPWELLING
27.42,11.38,1.47,TIDAK BERPOTENSI UPWELLING
27.58,5.97,1.46,TIDAK BERPOTENSI UPWELLING
27.47,8.15,1.95,TIDAK BERPOTENSI UPWELLING
27.0,37.3,2.58,BERPOTENSI UPWELLING
27.47,9.49,1.91,TIDAK BERPOTENSI UPWELLING
27.43,8.9,1.88,TIDAK BERPOTENSI UPWELLING
27.41,25.01,1.73,TIDAK BERPOTENSI UPWELLING
27.79,8.62,1.46,TIDAK BERPOTENSI UPWELLING
27.76,5.49,1.73,TIDAK BERPOTENSI UPWELLING
27.99,2.83,1.47,TIDAK BERPOTENSI UPWELLING
27.69,22.9,1.48,TIDAK BERPOTENSI UPWELLING
27.45,19.52,2.15,TIDAK BERPOTENSI UPWELLING
27.36,14.41,2.04,TIDAK BERPOTENSI UPWELLING
27.73,9.11,1.68,TIDAK BERPOTENSI UPWELLING
27.86,7.59,0.91,TIDAK BERPOTENSI UPWELLING
27.87,7.37,1.16,TIDAK BERPOTENSI UPWELLING
27.95,9.16,1.74,TIDAK BERPOTENSI UPWELLING
27.58,51.02,3.0,BERPOTENSI UPWELLING
27.61,22.37,2.52,TIDAK BERPOTENSI UPWELLING
27.99,11.65,1.36,TIDAK BERPOTENSI UPWELLING
27.62,36.82,1.98,BERPOTENSI UPWELLING
27.49,12.58,1.38,TIDAK BERPOTENSI UPWELLING
27.6,15.92,2.55,TIDAK BERPOTENSI UPWELLING
27.3,30.35,2.72,BERPOTENSI UPWELLING
27.32,12.17,2.3,TIDAK BERPOTENSI UPWELLING
27.47,0.06,1.77,TIDAK BERPOTENSI UPWELLING
27.66,0.15,1.94,TIDAK BERPOTENSI UPWELLING
27.55,1.25,1.51,TIDAK BERPOTENSI UPWELLING
27.33,0.74,1.59,TIDAK BERPOTENSI UPWELLING
27.91,0.91,1.7,TIDAK BERPOTENSI UPWELLING
27.73,3.61,1.73,TIDAK BERPOTENSI UPWELLING
27.97,1.53,1.75,TIDAK BERPOTENSI UPWELLING
27.67,49.53,2.59,BERPOTENSI UPWELLING
27.76,5.5,1.51,TIDAK BERPOTENSI UPWELLING
27.6,17.55,3.04,TIDAK BERPOTENSI UPWELLING
27.51,15.48,1.38,TIDAK BERPOTENSI UPWELLING
27.51,15.5,2.12,TIDAK BERPOTENSI UPWELLING
27.31,5.64,2.55,TIDAK BERPOTENSI UPWELLING
27.39,1.21,1.59,TIDAK BERPOTENSI UPWELLING
27.74,2.75,1.98,TIDAK BERPOTENSI UPWELLING
27.51,18.87,2.62,TIDAK BERPOTENSI UPWELLING
27.11,15.3,2.23,TIDAK BERPOTENSI UPWELLING
26.91,11.72,2.16,TIDAK BERPOTENSI UPWELLING
27.2,0.14,1.46,TIDAK BERPOTENSI UPWELLING
27.23,1.0,1.82,TIDAK BERPOTENSI UPWELLING
26.91,10.67,1.45,TIDAK BERPOTENSI UPWELLING
27.12,2.65,1.12,TIDAK BERPOTENSI UPWELLING
27.17,1.89,1.68,TIDAK BERPOTENSI UPWELLING
27.15,1.33,1.69,TIDAK BERPOTENSI UPWELLING
27.27,6.1,2.56,TIDAK BERPOTENSI UPWELLING
27.13,3.13,1.56,TIDAK BERPOTENSI UPWELLING
27.61,3.66,1.34,TIDAK BERPOTENSI UPWELLING
27.27,13.78,1.49,TIDAK BERPOTENSI UPWELLING
26.85,5.03,1.27,TIDAK BERPOTENSI UPWELLING
26.87,1.61,1.81,TIDAK BERPOTENSI UPWELLING
27.09,1.04,1.35,TIDAK BERPOTENSI UPWELLING
26.98,1.46,1.08,TIDAK BERPOTENSI UPWELLING
26.87,4.4,1.8,TIDAK BERPOTENSI UPWELLING
26.66,12.14,2.3,TIDAK BERPOTENSI UPWELLING
26.34,13.16,4.55,TIDAK BERPOTENSI UPWELLING
26.58,2.14,3.08,TIDAK BERPOTENSI UPWELLING
27.13,0.42,1.72,TIDAK BERPOTENSI UPWELLING
27.28,6.4,1.88,TIDAK BERPOTENSI UPWELLING
26.58,46.85,3.78,BERPOTENSI UPWELLING
26.89,1.92,1.75,TIDAK BERPOTENSI UPWELLING
27.05,2.67,2.53,TIDAK BERPOTENSI UPWELLING
26.37,66.71,4.58,BERPOTENSI UPWELLING
26.8,0.49,1.8,TIDAK BERPOTENSI UPWELLING
27.17,0.6,1.17,TIDAK BERPOTENSI UPWELLING
27.31,4.56,1.21,TIDAK BERPOTENSI UPWELLING
26.9,6.07,2.72,TIDAK BERPOTENSI UPWELLING
26.57,9.78,1.95,TIDAK BERPOTENSI UPWELLING
26.44,18.51,2.77,TIDAK BERPOTENSI UPWELLING
26.45,13.09,1.98,TIDAK BERPOTENSI UPWELLING
26.55,1.76,1.45,TIDAK BERPOTENSI UPWELLING
26.88,2.11,1.36,TIDAK BERPOTENSI UPWELLING
27.03,6.32,1.53,TIDAK BERPOTENSI UPWELLING
26.72,6.95,1.8,TIDAK BERPOTENSI UPWELLING
27.11,16.01,2.02,TIDAK BERPOTENSI UPWELLING
26.51,25.27,4.12,TIDAK BERPOTENSI UPWELLING
26.26,3.42,2.13,TIDAK BERPOTENSI UPWELLING
26.47,0.16,1.83,TIDAK BERPOTENSI UPWELLING
26.68,0.57,1.68,TIDAK BERPOTENSI UPWELLING
26.63,0.26,1.42,TIDAK BERPOTENSI UPWELLING
27.01,0.26,1.23,TIDAK BERPOTENSI UPWELLING
27.12,3.86,1.7,TIDAK BERPOTENSI UPWELLING
26.98,4.99,2.22,TIDAK BERPOTENSI UPWELLING
27.09,1.0,1.37,TIDAK BERPOTENSI UPWELLING
26.85,2.16,1.73,TIDAK BERPOTENSI UPWELLING
27.06,2.3,1.53,TIDAK BERPOTENSI UPWELLING
27.05,2.33,1.78,TIDAK BERPOTENSI UPWELLING
27.16,1.37,1.6,TIDAK BERPOTENSI UPWELLING
27.4,0.2,1.17,TIDAK BERPOTENSI UPWELLING
27.54,0.63,1.45,TIDAK BERPOTENSI UPWELLING
27.61,1.24,1.39,TIDAK BERPOTENSI UPWELLING
27.22,2.4,2.44,TIDAK BERPOTENSI UPWELLING
27.09,4.93,1.8,TIDAK BERPOTENSI UPWELLING
27.12,4.31,2.29,TIDAK BERPOTENSI UPWELLING
26.92,11.1,2.98,TIDAK BERPOTENSI UPWELLING
26.63,9.9,3.94,TIDAK BERPOTENSI UPWELLING
26.98,3.45,1.91,TIDAK BERPOTENSI UPWELLING
27.28,1.77,1.98,TIDAK BERPOTENSI UPWELLING
27.12,4.86,3.52,TIDAK BERPOTENSI UPWELLING
26.76,8.63,1.95,TIDAK BERPOTENSI UPWELLING
27.25,3.58,1.49,TIDAK BERPOTENSI UPWELLING
27.02,4.49,1.02,TIDAK BERPOTENSI UPWELLING
27.44,8.03,0.99,TIDAK BERPOTENSI UPWELLING
27.13,37.39,2.73,BERPOTENSI UPWELLING
26.68,30.69,2.7,BERPOTENSI UPWELLING
26.62,30.86,1.95,BERPOTENSI UPWELLING
26.72,15.04,4.01,TIDAK BERPOTENSI UPWELLING
26.9,5.53,2.41,TIDAK BERPOTENSI UPWELLING
26.41,47.95,2.58,BERPOTENSI UPWELLING
26.52,13.98,2.74,TIDAK BERPOTENSI UPWELLING
26.8,6.52,1.8,TIDAK BERPOTENSI UPWELLING
26.63,11.18,2.62,TIDAK BERPOTENSI UPWELLING
26.03,46.78,5.34,BERPOTENSI UPWELLING
26.15,17.09,2.8,TIDAK BERPOTENSI UPWELLING
26.1,3.18,1.23,TIDAK BERPOTENSI UPWELLING
26.76,1.28,1.68,TIDAK BERPOTENSI UPWELLING
26.76,6.02,1.59,TIDAK BERPOTENSI UPWELLING
26.74,15.33,2.48,TIDAK BERPOTENSI UPWELLING
26.65,6.53,2.19,TIDAK BERPOTENSI UPWELLING
26.73,0.48,1.3,TIDAK BERPOTENSI UPWELLING
27.41,1.41,1.44,TIDAK BERPOTENSI UPWELLING
27.42,3.12,2.33,TIDAK BERPOTENSI UPWELLING
27.26,3.25,2.38,TIDAK BERPOTENSI UPWELLING
27.12,1.65,1.65,TIDAK BERPOTENSI UPWELLING
26.87,6.03,2.02,TIDAK BERPOTENSI UPWELLING
26.68,38.76,2.91,BERPOTENSI UPWELLING
26.22,13.33,3.55,TIDAK BERPOTENSI UPWELLING
26.44,1.07,1.9,TIDAK BERPOTENSI UPWELLING
27.12,4.29,1.52,TIDAK BERPOTENSI UPWELLING
27.23,13.93,1.73,TIDAK BERPOTENSI UPWELLING
27.41,36.59,1.11,BERPOTENSI UPWELLING
27.47,20.62,1.28,TIDAK BERPOTENSI UPWELLING
26.83,14.22,2.22,TIDAK BERPOTENSI UPWELLING
26.19,5.36,2.67,TIDAK BERPOTENSI UPWELLING
26.69,3.39,2.06,TIDAK BERPOTENSI UPWELLING
26.8,3.74,2.04,TIDAK BERPOTENSI UPWELLING
27.05,3.59,3.06,TIDAK BERPOTENSI UPWELLING
27.13,13.56,2.45,TIDAK BERPOTENSI UPWELLING
26.4,3.44,1.9,TIDAK BERPOTENSI UPWELLING
26.76,0.56,1.2,TIDAK BERPOTENSI UPWELLING
27.62,0.55,1.56,TIDAK BERPOTENSI UPWELLING
27.26,3.37,2.52,TIDAK BERPOTENSI UPWELLING
27.78,21.72,1.55,TIDAK BERPOTENSI UPWELLING
26.51,48.6,3.78,BERPOTENSI UPWELLING
26.37,19.51,2.82,TIDAK BERPOTENSI UPWELLING
26.81,19.83,2.84,TIDAK BERPOTENSI UPWELLING
26.86,2.98,1.66,TIDAK BERPOTENSI UPWELLING
27.13,3.54,1.59,TIDAK BERPOTENSI UPWELLING
27.13,2.91,1.6,TIDAK BERPOTENSI UPWELLING
27.48,2.98,1.48,TIDAK BERPOTENSI UPWELLING
27.41,19.15,2.57,TIDAK BERPOTENSI UPWELLING
27.28,69.1,2.62,BERPOTENSI UPWELLING
27.08,36.72,1.41,BERPOTENSI UPWELLING
27.26,41.27,2.56,BERPOTENSI UPWELLING
26.42,115.89,4.79,BERPOTENSI UPWELLING
26.59,15.6,2.33,TIDAK BERPOTENSI UPWELLING
26.4,4.74,2.2,TIDAK BERPOTENSI UPWELLING
27.19,0.36,2.15,TIDAK BERPOTENSI UPWELLING
27.57,0.94,1.87,TIDAK BERPOTENSI UPWELLING
27.4,1.42,1.87,TIDAK BERPOTENSI UPWELLING
27.26,0.89,1.69,TIDAK BERPOTENSI UPWELLING
27.09,2.51,2.33,TIDAK BERPOTENSI UPWELLING
27.06,4.53,2.23,TIDAK BERPOTENSI UPWELLING
27.22,4.91,2.03,TIDAK BERPOTENSI UPWELLING
27.38,10.42,1.87,TIDAK BERPOTENSI UPWELLING
26.7,29.22,2.74,BERPOTENSI UPWELLING
26.63,1.21,2.18,TIDAK BERPOTENSI UPWELLING
27.17,1.49,1.7,TIDAK BERPOTENSI UPWELLING
27.16,1.91,1.92,TIDAK BERPOTENSI UPWELLING
26.95,1.9,1.76,TIDAK BERPOTENSI UPWELLING
27.23,1.61,1.6,TIDAK BERPOTENSI UPWELLING
27.12,2.15,1.42,TIDAK BERPOTENSI UPWELLING
26.98,7.03,2.58,TIDAK BERPOTENSI UPWELLING
26.84,45.62,3.17,BERPOTENSI UPWELLING
26.83,13.32,2.3,TIDAK BERPOTENSI UPWELLING
26.32,30.06,2.88,BERPOTENSI UPWELLING
27.07,2.79,1.9,TIDAK BERPOTENSI UPWELLING
27.41,4.27,1.88,TIDAK BERPOTENSI UPWELLING
27.15,4.85,2.69,TIDAK BERPOTENSI UPWELLING
26.65,30.65,4.12,BERPOTENSI UPWELLING
26.55,16.95,2.65,TIDAK BERPOTENSI UPWELLING
26.54,42.1,4.09,BERPOTENSI UPWELLING
26.6,3.64,2.02,TIDAK BERPOTENSI UPWELLING
26.98,1.1,1.35,TIDAK BERPOTENSI UPWELLING
27.34,4.57,2.8,TIDAK BERPOTENSI UPWELLING
26.64,12.96,2.88,TIDAK BERPOTENSI UPWELLING
26.37,12.12,1.88,TIDAK BERPOTENSI UPWELLING
26.06,6.24,2.25,TIDAK BERPOTENSI UPWELLING
26.15,9.8,1.8,TIDAK BERPOTENSI UPWELLING
26.19,22.9,2.09,TIDAK BERPOTENSI UPWELLING
26.12,41.88,2.84,BERPOTENSI UPWELLING
25.92,18.24,2.35,TIDAK BERPOTENSI UPWELLING
25.97,18.45,2.99,TIDAK BERPOTENSI UPWELLING
26.19,16.91,2.11,TIDAK BERPOTENSI UPWELLING
26.31,15.51,3.7,TIDAK BERPOTENSI UPWELLING
27.08,19.68,3.97,TIDAK BERPOTENSI UPWELLING
26.13,11.11,2.64,TIDAK BERPOTENSI UPWELLING
26.38,0.47,2.29,TIDAK BERPOTENSI UPWELLING
27.01,5.1,2.13,TIDAK BERPOTENSI UPWELLING
27.06,3.77,2.26,TIDAK BERPOTENSI UPWELLING
27.27,0.34,1.51,TIDAK BERPOTENSI UPWELLING
27.01,0.54,2.06,TIDAK BERPOTENSI UPWELLING
27.22,1.53,2.05,TIDAK BERPOTENSI UPWELLING
27.17,10.55,2.49,TIDAK BERPOTENSI UPWELLING
26.9,7.16,2.37,TIDAK BERPOTENSI UPWELLING
26.92,6.2,1.67,TIDAK BERPOTENSI UPWELLING
26.96,3.79,2.16,TIDAK BERPOTENSI UPWELLING
27.13,9.97,1.8,TIDAK BERPOTENSI UPWELLING
27.09,6.26,1.88,TIDAK BERPOTENSI UPWELLING
26.55,6.3,2.2,TIDAK BERPOTENSI UPWELLING
26.82,1.3,1.27,TIDAK BERPOTENSI UPWELLING
26.84,3.82,2.2,TIDAK BERPOTENSI UPWELLING
26.89,3.39,3.03,TIDAK BERPOTENSI UPWELLING
26.84,4.57,2.24,TIDAK BERPOTENSI UPWELLING
27.05,1.92,1.52,TIDAK BERPOTENSI UPWELLING
26.95,5.33,1.45,TIDAK BERPOTENSI UPWELLING
26.69,10.74,2.66,TIDAK BERPOTENSI UPWELLING
26.87,2.79,2.21,TIDAK BERPOTENSI UPWELLING
26.61,6.54,2.03,TIDAK BERPOTENSI UPWELLING
27.01,2.52,2.35,TIDAK BERPOTENSI UPWELLING
26.67,14.51,3.04,TIDAK BERPOTENSI UPWELLING
26.7,12.16,1.86,TIDAK BERPOTENSI UPWELLING
26.76,2.02,2.02,TIDAK BERPOTENSI UPWELLING
27.26,4.3,1.66,TIDAK BERPOTENSI UPWELLING
27.42,10.35,1.79,TIDAK BERPOTENSI UPWELLING
27.08,41.28,2.54,BERPOTENSI UPWELLING
26.63,37.76,2.15,BERPOTENSI UPWELLING
27.16,15.81,1.77,TIDAK BERPOTENSI UPWELLING
27.26,17.25,2.14,TIDAK BERPOTENSI UPWELLING
26.9,5.98,1.2,TIDAK BERPOTENSI UPWELLING
27.05,11.83,1.88,TIDAK BERPOTENSI UPWELLING
26.92,22.91,1.88,TIDAK BERPOTENSI UPWELLING
26.69,16.88,2.95,TIDAK BERPOTENSI UPWELLING
26.64,72.97,4.28,BERPOTENSI UPWELLING
26.49,68.87,5.3,BERPOTENSI UPWELLING
26.58,23.59,3.79,TIDAK BERPOTENSI UPWELLING
26.39,9.13,1.57,TIDAK BERPOTENSI UPWELLING
27.09,1.27,1.68,TIDAK BERPOTENSI UPWELLING
27.02,11.7,2.3,TIDAK BERPOTENSI UPWELLING
26.87,7.42,1.49,TIDAK BERPOTENSI UPWELLING
26.99,4.93,2.33,TIDAK BERPOTENSI UPWELLING
27.19,2.82,2.6,TIDAK BERPOTENSI UPWELLING
27.33,7.36,2.41,TIDAK BERPOTENSI UPWELLING
27.15,7.74,1.54,TIDAK BERPOTENSI UPWELLING
27.13,2.67,1.56,TIDAK BERPOTENSI UPWELLING
27.37,2.6,1.86,TIDAK BERPOTENSI UPWELLING
27.56,5.15,1.49,TIDAK BERPOTENSI UPWELLING
27.05,54.26,2.02,BERPOTENSI UPWELLING
26.53,19.61,2.23,TIDAK BERPOTENSI UPWELLING
26.0,26.34,2.62,TIDAK BERPOTENSI UPWELLING
26.83,0.38,1.61,TIDAK BERPOTENSI UPWELLING
27.23,1.6,1.8,TIDAK BERPOTENSI UPWELLING
27.37,0.82,1.65,TIDAK BERPOTENSI UPWELLING
27.39,2.94,2.28,TIDAK BERPOTENSI UPWELLING
27.3,2.4,2.68,TIDAK BERPOTENSI UPWELLING
27.05,6.84,3.2,TIDAK BERPOTENSI UPWELLING
26.72,41.73,1.2,BERPOTENSI UPWELLING
26.91,16.32,3.7,TIDAK BERPOTENSI UPWELLING
27.48,11.34,2.08,TIDAK BERPOTENSI UPWELLING
27.62,4.69,2.28,TIDAK BERPOTENSI UPWELLING
27.38,5.76,1.47,TIDAK BERPOTENSI UPWELLING
27.65,3.06,1.16,TIDAK BERPOTENSI UPWELLING
27.69,0.76,1.84,TIDAK BERPOTENSI UPWELLING
27.76,5.72,1.72,TIDAK BERPOTENSI UPWELLING
27.12,16.42,2.47,TIDAK BERPOTENSI UPWELLING
26.76,14.64,2.59,TIDAK BERPOTENSI UPWELLING
26.33,15.48,2.71,TIDAK BERPOTENSI UPWELLING
26.73,6.81,1.75,TIDAK BERPOTENSI UPWELLING
27.0,6.26,2.45,TIDAK BERPOTENSI UPWELLING
26.96,5.05,2.47,TIDAK BERPOTENSI UPWELLING
26.65,11.13,3.17,TIDAK BERPOTENSI UPWELLING
26.49,9.19,1.54,TIDAK BERPOTENSI UPWELLING
26.84,2.64,1.56,TIDAK BERPOTENSI UPWELLING
27.21,2.18,1.12,TIDAK BERPOTENSI UPWELLING
27.51,1.33,1.82,TIDAK BERPOTENSI UPWELLING
27.58,1.9,1.31,TIDAK BERPOTENSI UPWELLING
27.68,2.45,1.74,TIDAK BERPOTENSI UPWELLING
26.94,42.16,2.91,BERPOTENSI UPWELLING
27.23,5.84,1.91,TIDAK BERPOTENSI UPWELLING
26.65,25.83,2.64,TIDAK BERPOTENSI UPWELLING
26.73,6.92,1.97,TIDAK BERPOTENSI UPWELLING
27.3,5.48,1.9,TIDAK BERPOTENSI UPWELLING
26.58,51.22,2.91,BERPOTENSI UPWELLING
26.29,65.66,2.41,BERPOTENSI UPWELLING
26.54,42.44,1.7,BERPOTENSI UPWELLING
26.5,3.13,2.52,TIDAK BERPOTENSI UPWELLING
26.94,4.11,2.04,TIDAK BERPOTENSI UPWELLING
26.75,3.82,1.93,TIDAK BERPOTENSI UPWELLING
26.67,3.3,1.55,TIDAK BERPOTENSI UPWELLING
27.14,2.55,1.32,TIDAK BERPOTENSI UPWELLING
27.24,1.71,1.7,TIDAK BERPOTENSI UPWELLING
27.39,4.73,2.37,TIDAK BERPOTENSI UPWELLING
27.53,4.12,2.49,TIDAK BERPOTENSI UPWELLING
27.31,6.42,2.31,TIDAK BERPOTENSI UPWELLING
27.01,4.6,2.57,TIDAK BERPOTENSI UPWELLING
27.17,6.13,2.52,TIDAK BERPOTENSI UPWELLING
27.15,2.24,2.99,TIDAK BERPOTENSI UPWELLING
27.12,1.11,1.08,TIDAK BERPOTENSI UPWELLING
27.23,0.22,1.14,TIDAK BERPOTENSI UPWELLING
27.25,0.88,2.33,TIDAK BERPOTENSI UPWELLING
27.32,5.99,1.88,TIDAK BERPOTENSI UPWELLING
27.29,4.98,1.55,TIDAK BERPOTENSI UPWELLING
27.39,1.58,1.73,TIDAK BERPOTENSI UPWELLING
27.59,4.0,1.99,TIDAK BERPOTENSI UPWELLING
27.26,13.93,2.83,TIDAK BERPOTENSI UPWELLING
27.0,11.09,2.85,TIDAK BERPOTENSI UPWELLING
27.33,19.6,2.84,TIDAK BERPOTENSI UPWELLING
27.0,14.33,1.53,TIDAK BERPOTENSI UPWELLING
27.23,7.26,1.55,TIDAK BERPOTENSI UPWELLING
26.97,12.76,2.2,TIDAK BERPOTENSI UPWELLING
27.32,4.24,2.7,TIDAK BERPOTENSI UPWELLING
27.21,11.79,2.52,TIDAK BERPOTENSI UPWELLING
27.04,8.9,2.18,TIDAK BERPOTENSI UPWELLING
27.16,5.33,1.76,TIDAK BERPOTENSI UPWELLING
27.15,7.17,1.86,TIDAK BERPOTENSI UPWELLING
27.15,14.57,1.84,TIDAK BERPOTENSI UPWELLING
26.93,5.79,2.35,TIDAK BERPOTENSI UPWELLING
26.94,12.34,3.51,TIDAK BERPOTENSI UPWELLING
27.25,9.66,2.95,TIDAK BERPOTENSI UPWELLING
27.02,9.25,3.23,TIDAK BERPOTENSI UPWELLING
27.01,20.88,1.76,TIDAK BERPOTENSI UPWELLING
27.35,4.25,1.53,TIDAK BERPOTENSI UPWELLING
27.46,21.06,1.92,TIDAK BERPOTENSI UPWELLING
26.92,27.67,2.84,BERPOTENSI UPWELLING
27.02,10.6,2.76,TIDAK BERPOTENSI UPWELLING
27.11,5.33,1.84,TIDAK BERPOTENSI UPWELLING
26.88,8.72,1.47,TIDAK BERPOTENSI UPWELLING
27.23,0.94,1.74,TIDAK BERPOTENSI UPWELLING
27.37,3.84,1.5,TIDAK BERPOTENSI UPWELLING
27.28,0.99,1.74,TIDAK BERPOTENSI UPWELLING
27.08,0.02,1.16,TIDAK BERPOTENSI UPWELLING
27.07,0.0,1.27,TIDAK BERPOTENSI UPWELLING
27.25,0.03,1.85,TIDAK BERPOTENSI UPWELLING
27.01,0.11,1.79,TIDAK BERPOTENSI UPWELLING
26.84,0.05,1.65,TIDAK BERPOTENSI UPWELLING
27.16,0.5,1.95,TIDAK BERPOTENSI UPWELLING
27.26,1.86,2.75,TIDAK BERPOTENSI UPWELLING
27.08,1.25,2.09,TIDAK BERPOTENSI UPWELLING
27.12,1.53,1.52,TIDAK BERPOTENSI UPWELLING
27.2,0.72,1.41,TIDAK BERPOTENSI UPWELLING
26.95,0.2,1.99,TIDAK BERPOTENSI UPWELLING
27.28,0.24,1.96,TIDAK BERPOTENSI UPWELLING
26.9,30.52,2.05,BERPOTENSI UPWELLING
27.27,7.75,2.52,TIDAK BERPOTENSI UPWELLING
26.81,10.73,2.66,TIDAK BERPOTENSI UPWELLING
27.01,3.76,1.47,TIDAK BERPOTENSI UPWELLING
26.99,3.41,1.38,TIDAK BERPOTENSI UPWELLING
27.32,4.19,1.69,TIDAK BERPOTENSI UPWELLING
27.25,18.95,2.16,TIDAK BERPOTENSI UPWELLING
27.48,9.38,1.41,TIDAK BERPOTENSI UPWELLING
27.55,1.92,1.56,TIDAK BERPOTENSI UPWELLING
27.7,5.7,1.68,TIDAK BERPOTENSI UPWELLING
27.65,6.03,1.77,TIDAK BERPOTENSI UPWELLING
27.76,5.95,1.7,TIDAK BERPOTENSI UPWELLING
28.01,8.86,1.55,TIDAK BERPOTENSI UPWELLING
27.44,27.41,1.48,BERPOTENSI UPWELLING
27.26,19.66,2.72,TIDAK BERPOTENSI UPWELLING
27.23,11.97,1.77,TIDAK BERPOTENSI UPWELLING
27.47,4.25,1.83,TIDAK BERPOTENSI UPWELLING
27.69,6.67,1.59,TIDAK BERPOTENSI UPWELLING
27.28,12.26,2.79,TIDAK BERPOTENSI UPWELLING
27.61,20.04,2.07,TIDAK BERPOTENSI UPWELLING
27.07,41.5,2.57,BERPOTENSI UPWELLING
27.26,3.1,1.88,TIDAK BERPOTENSI UPWELLING
27.67,3.65,2.29,TIDAK BERPOTENSI UPWELLING
27.44,9.62,1.52,TIDAK BERPOTENSI UPWELLING
27.48,6.96,1.39,TIDAK BERPOTENSI UPWELLING
27.32,11.95,1.75,TIDAK BERPOTENSI UPWELLING
27.15,13.02,1.53,TIDAK BERPOTENSI UPWELLING
27.17,15.86,1.62,TIDAK BERPOTENSI UPWELLING
26.97,14.89,2.64,TIDAK BERPOTENSI UPWELLING
26.99,1.32,1.18,TIDAK BERPOTENSI UPWELLING
27.4,3.37,1.62,TIDAK BERPOTENSI UPWELLING
27.25,8.57,2.31,TIDAK BERPOTENSI UPWELLING
27.13,4.84,1.08,TIDAK BERPOTENSI UPWELLING
27.4,4.83,1.25,TIDAK BERPOTENSI UPWELLING
27.77,0.94,1.19,TIDAK BERPOTENSI UPWELLING
27.84,7.85,1.12,TIDAK BERPOTENSI UPWELLING
27.23,17.87,2.38,TIDAK BERPOTENSI UPWELLING
27.05,15.99,3.33,TIDAK BERPOTENSI UPWELLING
27.64,0.4,1.65,TIDAK BERPOTENSI UPWELLING
27.86,0.31,1.51,TIDAK BERPOTENSI UPWELLING
27.57,20.37,1.59,TIDAK BERPOTENSI UPWELLING
27.31,18.22,1.98,TIDAK BERPOTENSI UPWELLING
27.32,0.17,1.33,TIDAK BERPOTENSI UPWELLING
27.35,0.01,1.23,TIDAK BERPOTENSI UPWELLING
27.37,0.78,0.82,TIDAK BERPOTENSI UPWELLING
27.57,0.65,1.7,TIDAK BERPOTENSI UPWELLING
27.3,7.85,1.41,TIDAK BERPOTENSI UPWELLING
27.2,3.4,1.26,TIDAK BERPOTENSI UPWELLING
27.41,2.31,1.34,TIDAK BERPOTENSI UPWELLING
27.4,14.14,2.24,TIDAK BERPOTENSI UPWELLING
26.65,13.81,3.82,TIDAK BERPOTENSI UPWELLING
26.91,3.05,2.5,TIDAK BERPOTENSI UPWELLING
27.29,5.64,2.84,TIDAK BERPOTENSI UPWELLING
26.8,6.09,3.28,TIDAK BERPOTENSI UPWELLING
27.3,3.38,2.64,TIDAK BERPOTENSI UPWELLING
27.35,3.78,2.25,TIDAK BERPOTENSI UPWELLING
27.29,3.13,2.85,TIDAK BERPOTENSI UPWELLING
27.39,6.77,2.45,TIDAK BERPOTENSI UPWELLING
26.72,12.28,3.45,TIDAK BERPOTENSI UPWELLING
26.75,12.8,1.99,TIDAK BERPOTENSI UPWELLING
26.98,0.83,1.85,TIDAK BERPOTENSI UPWELLING
27.17,2.39,1.35,TIDAK BERPOTENSI UPWELLING
27.12,4.97,1.54,TIDAK BERPOTENSI UPWELLING
27.14,5.78,2.02,TIDAK BERPOTENSI UPWELLING
26.98,6.62,2.69,TIDAK BERPOTENSI UPWELLING
26.92,19.34,2.26,TIDAK BERPOTENSI UPWELLING
26.97,4.21,3.88,TIDAK BERPOTENSI UPWELLING
26.64,99.19,3.17,BERPOTENSI UPWELLING
26.9,10.92,1.84,TIDAK BERPOTENSI UPWELLING
27.19,8.37,1.84,TIDAK BERPOTENSI UPWELLING
26.64,35.54,2.55,BERPOTENSI UPWELLING
26.8,8.35,2.07,TIDAK BERPOTENSI UPWELLING
26.92,8.24,2.55,TIDAK BERPOTENSI UPWELLING
26.47,15.61,2.39,TIDAK BERPOTENSI UPWELLING
26.8,4.14,2.11,TIDAK BERPOTENSI UPWELLING
26.33,19.63,2.95,TIDAK BERPOTENSI UPWELLING
26.98,9.43,2.32,TIDAK BERPOTENSI UPWELLING
26.82,10.84,3.0,TIDAK BERPOTENSI UPWELLING
26.67,5.17,1.95,TIDAK BERPOTENSI UPWELLING
26.64,12.63,2.52,TIDAK BERPOTENSI UPWELLING
26.73,34.34,2.59,BERPOTENSI UPWELLING
26.65,17.85,1.71,TIDAK BERPOTENSI UPWELLING
27.18,0.73,1.58,TIDAK BERPOTENSI UPWELLING
27.36,5.36,1.69,TIDAK BERPOTENSI UPWELLING
26.93,13.11,2.78,TIDAK BERPOTENSI UPWELLING
26.54,14.38,4.47,TIDAK BERPOTENSI UPWELLING
26.18,3.05,3.14,TIDAK BERPOTENSI UPWELLING
26.43,0.41,1.66,TIDAK BERPOTENSI UPWELLING
26.68,1.05,1.45,TIDAK BERPOTENSI UPWELLING
26.93,0.36,1.55,TIDAK BERPOTENSI UPWELLING
27.29,1.04,2.89,TIDAK BERPOTENSI UPWELLING
26.81,2.06,2.62,TIDAK BERPOTENSI UPWELLING
27.02,3.57,1.09,TIDAK BERPOTENSI UPWELLING
27.05,2.0,1.39,TIDAK BERPOTENSI UPWELLING
26.97,2.2,1.6,TIDAK BERPOTENSI UPWELLING
27.15,1.72,1.8,TIDAK BERPOTENSI UPWELLING
26.93,2.95,2.2,TIDAK BERPOTENSI UPWELLING
26.87,3.1,2.34,TIDAK BERPOTENSI UPWELLING
26.73,3.17,2.14,TIDAK BERPOTENSI UPWELLING
27.01,3.12,1.52,TIDAK BERPOTENSI UPWELLING
27.04,5.61,1.41,TIDAK BERPOTENSI UPWELLING
27.08,12.14,2.47,TIDAK BERPOTENSI UPWELLING
27.29,1.43,1.81,TIDAK BERPOTENSI UPWELLING
27.53,1.1,1.23,TIDAK BERPOTENSI UPWELLING
27.65,0.12,1.56,TIDAK BERPOTENSI UPWELLING
27.34,4.23,1.59,TIDAK BERPOTENSI UPWELLING
27.05,8.14,2.28,TIDAK BERPOTENSI UPWELLING
27.23,2.29,1.33,TIDAK BERPOTENSI UPWELLING
27.38,11.92,1.41,TIDAK BERPOTENSI UPWELLING
27.75,26.66,1.28,TIDAK BERPOTENSI UPWELLING
27.13,23.34,1.95,TIDAK BERPOTENSI UPWELLING
26.51,59.84,4.69,BERPOTENSI UPWELLING
26.64,8.08,1.65,TIDAK BERPOTENSI UPWELLING
26.68,5.36,2.02,TIDAK BERPOTENSI UPWELLING
27.03,6.66,1.85,TIDAK BERPOTENSI UPWELLING
26.78,9.94,2.05,TIDAK BERPOTENSI UPWELLING
26.88,4.39,1.64,TIDAK BERPOTENSI UPWELLING
27.36,0.67,1.74,TIDAK BERPOTENSI UPWELLING
27.21,1.48,1.45,TIDAK BERPOTENSI UPWELLING
26.61,13.9,2.69,TIDAK BERPOTENSI UPWELLING
26.33,17.68,2.51,TIDAK BERPOTENSI UPWELLING
26.39,1.71,1.96,TIDAK BERPOTENSI UPWELLING
26.82,0.06,1.73,TIDAK BERPOTENSI UPWELLING
26.8,0.91,2.48,TIDAK BERPOTENSI UPWELLING
27.16,0.49,2.08,TIDAK BERPOTENSI UPWELLING
27.23,1.03,1.66,TIDAK BERPOTENSI UPWELLING
27.16,0.88,1.95,TIDAK BERPOTENSI UPWELLING
27.3,0.9,1.6,TIDAK BERPOTENSI UPWELLING
27.45,0.41,1.68,TIDAK BERPOTENSI UPWELLING
27.32,1.42,2.2,TIDAK BERPOTENSI UPWELLING
27.21,1.58,1.32,TIDAK BERPOTENSI UPWELLING
27.4,4.27,1.38,TIDAK BERPOTENSI UPWELLING
27.05,4.34,1.58,TIDAK BERPOTENSI UPWELLING
27.19,1.54,1.73,TIDAK BERPOTENSI UPWELLING
27.45,0.93,2.14,TIDAK BERPOTENSI UPWELLING
27.52,21.74,1.63,TIDAK BERPOTENSI UPWELLING
27.55,9.67,1.77,TIDAK BERPOTENSI UPWELLING
26.94,56.19,3.93,BERPOTENSI UPWELLING
26.86,7.86,2.85,TIDAK BERPOTENSI UPWELLING
27.23,8.65,1.6,TIDAK BERPOTENSI UPWELLING
26.65,6.41,3.38,TIDAK BERPOTENSI UPWELLING
26.76,31.34,3.38,BERPOTENSI UPWELLING
26.87,12.51,3.32,TIDAK BERPOTENSI UPWELLING
26.75,10.37,2.87,TIDAK BERPOTENSI UPWELLING
26.83,11.48,2.65,TIDAK BERPOTENSI UPWELLING
26.8,47.12,2.05,BERPOTENSI UPWELLING
26.18,122.43,3.59,BERPOTENSI UPWELLING
26.54,9.51,2.06,TIDAK BERPOTENSI UPWELLING
26.87,3.69,2.18,TIDAK BERPOTENSI UPWELLING
26.8,15.15,3.3,TIDAK BERPOTENSI UPWELLING
26.26,23.78,4.18,TIDAK BERPOTENSI UPWELLING
26.4,3.62,1.65,TIDAK BERPOTENSI UPWELLING
26.58,1.65,1.2,TIDAK BERPOTENSI UPWELLING
26.9,3.05,1.5,TIDAK BERPOTENSI UPWELLING
26.9,16.09,2.13,TIDAK BERPOTENSI UPWELLING
26.81,4.62,1.51,TIDAK BERPOTENSI UPWELLING
26.87,1.64,1.12,TIDAK BERPOTENSI UPWELLING
26.66,5.45,1.14,TIDAK BERPOTENSI UPWELLING
26.88,1.88,1.72,TIDAK BERPOTENSI UPWELLING
26.56,1.71,1.48,TIDAK BERPOTENSI UPWELLING
26.83,4.94,1.71,TIDAK BERPOTENSI UPWELLING
26.37,16.15,1.52,TIDAK BERPOTENSI UPWELLING
26.78,2.61,1.75,TIDAK BERPOTENSI UPWELLING
27.17,4.27,1.69,TIDAK BERPOTENSI UPWELLING
26.38,17.25,2.46,TIDAK BERPOTENSI UPWELLING
26.55,22.32,1.95,TIDAK BERPOTENSI UPWELLING
26.18,28.58,1.68,BERPOTENSI UPWELLING
26.3,5.15,1.02,TIDAK BERPOTENSI UPWELLING
26.67,6.15,1.41,TIDAK BERPOTENSI UPWELLING
26.07,42.75,3.3,BERPOTENSI UPWELLING
26.07,23.15,2.28,TIDAK BERPOTENSI UPWELLING
26.56,6.86,1.38,TIDAK BERPOTENSI UPWELLING
26.11,21.0,2.43,TIDAK BERPOTENSI UPWELLING
26.49,4.8,2.16,TIDAK BERPOTENSI UPWELLING
26.69,2.05,2.19,TIDAK BERPOTENSI UPWELLING
26.61,19.86,2.71,TIDAK BERPOTENSI UPWELLING
26.52,43.38,3.38,BERPOTENSI UPWELLING
26.7,12.16,2.18,TIDAK BERPOTENSI UPWELLING
26.92,14.15,3.45,TIDAK BERPOTENSI UPWELLING
26.38,133.56,3.3,BERPOTENSI UPWELLING
26.51,25.03,2.55,TIDAK BERPOTENSI UPWELLING
26.62,11.83,3.31,TIDAK BERPOTENSI UPWELLING
26.45,29.52,1.84,BERPOTENSI UPWELLING
26.39,9.65,2.32,TIDAK BERPOTENSI UPWELLING
26.44,7.12,2.34,TIDAK BERPOTENSI UPWELLING
26.1,7.74,1.34,TIDAK BERPOTENSI UPWELLING
26.6,4.05,1.37,TIDAK BERPOTENSI UPWELLING
26.32,2.94,1.7,TIDAK BERPOTENSI UPWELLING
26.48,3.43,1.78,TIDAK BERPOTENSI UPWELLING
26.37,7.5,2.4,TIDAK BERPOTENSI UPWELLING
26.27,8.51,1.88,TIDAK BERPOTENSI UPWELLING
26.3,6.76,2.27,TIDAK BERPOTENSI UPWELLING
26.26,6.64,2.35,TIDAK BERPOTENSI UPWELLING
26.0,28.55,3.09,BERPOTENSI UPWELLING
26.07,25.57,3.51,TIDAK BERPOTENSI UPWELLING
25.9,20.02,2.21,TIDAK BERPOTENSI UPWELLING
25.81,10.12,2.38,TIDAK BERPOTENSI UPWELLING
25.57,5.78,2.33,TIDAK BERPOTENSI UPWELLING
25.95,3.9,3.0,TIDAK BERPOTENSI UPWELLING
26.09,3.33,2.39,TIDAK BERPOTENSI UPWELLING
26.08,8.09,2.13,TIDAK BERPOTENSI UPWELLING
26.13,34.11,2.74,BERPOTENSI UPWELLING
26.3,17.04,3.77,TIDAK BERPOTENSI UPWELLING
25.99,11.87,3.45,TIDAK BERPOTENSI UPWELLING
25.7,20.26,2.37,TIDAK BERPOTENSI UPWELLING
25.91,16.84,2.13,TIDAK BERPOTENSI UPWELLING
25.93,7.51,2.03,TIDAK BERPOTENSI UPWELLING
25.56,12.3,1.27,TIDAK BERPOTENSI UPWELLING
25.36,28.76,2.45,BERPOTENSI UPWELLING
25.61,18.79,1.91,TIDAK BERPOTENSI UPWELLING
25.87,7.13,1.91,TIDAK BERPOTENSI UPWELLING
25.9,5.04,1.41,TIDAK BERPOTENSI UPWELLING
25.74,9.62,1.71,TIDAK BERPOTENSI UPWELLING
26.11,8.76,3.02,TIDAK BERPOTENSI UPWELLING
25.83,4.43,1.3,TIDAK BERPOTENSI UPWELLING
25.93,7.87,1.05,TIDAK BERPOTENSI UPWELLING
25.94,4.22,2.4,TIDAK BERPOTENSI UPWELLING
26.23,7.36,2.57,TIDAK BERPOTENSI UPWELLING
26.3,35.65,2.24,BERPOTENSI UPWELLING
26.62,61.79,2.48,BERPOTENSI UPWELLING
26.33,81.4,4.31,BERPOTENSI UPWELLING
26.44,18.03,3.59,TIDAK BERPOTENSI UPWELLING
26.62,27.96,2.34,BERPOTENSI UPWELLING
26.38,30.95,3.02,BERPOTENSI UPWELLING
26.78,19.81,4.03,TIDAK BERPOTENSI UPWELLING
26.48,38.05,4.92,BERPOTENSI UPWELLING
26.25,28.55,3.34,BERPOTENSI UPWELLING
26.75,5.54,3.41,TIDAK BERPOTENSI UPWELLING
26.21,29.35,2.4,BERPOTENSI UPWELLING
26.36,11.92,3.17,TIDAK BERPOTENSI UPWELLING
26.43,9.26,2.43,TIDAK BERPOTENSI UPWELLING
26.34,23.39,2.54,TIDAK BERPOTENSI UPWELLING
25.88,20.57,2.77,TIDAK BERPOTENSI UPWELLING
26.08,26.36,2.98,TIDAK BERPOTENSI UPWELLING
25.98,10.27,2.32,TIDAK BERPOTENSI UPWELLING
26.47,3.79,1.73,TIDAK BERPOTENSI UPWELLING
26.62,3.56,1.48,TIDAK BERPOTENSI UPWELLING
26.84,1.39,1.55,TIDAK BERPOTENSI UPWELLING
25.81,5.63,3.23,TIDAK BERPOTENSI UPWELLING
26.16,11.48,1.49,TIDAK BERPOTENSI UPWELLING
26.3,18.31,2.0,TIDAK BERPOTENSI UPWELLING
26.01,21.83,3.85,TIDAK BERPOTENSI UPWELLING
26.12,12.0,2.56,TIDAK BERPOTENSI UPWELLING
26.01,18.55,2.86,TIDAK BERPOTENSI UPWELLING
26.43,9.53,2.28,TIDAK BERPOTENSI UPWELLING
26.59,14.56,2.57,TIDAK BERPOTENSI UPWELLING
26.52,14.25,2.22,TIDAK BERPOTENSI UPWELLING
26.26,17.21,2.16,TIDAK BERPOTENSI UPWELLING
26.16,14.47,3.63,TIDAK BERPOTENSI UPWELLING
26.0,21.81,2.9,TIDAK BERPOTENSI UPWELLING
26.09,44.73,4.34,BERPOTENSI UPWELLING
26.16,31.65,2.84,BERPOTENSI UPWELLING
26.19,8.31,2.16,TIDAK BERPOTENSI UPWELLING
26.08,14.49,2.17,TIDAK BERPOTENSI UPWELLING
26.1,3.18,1.62,TIDAK BERPOTENSI UPWELLING
26.59,1.34,1.21,TIDAK BERPOTENSI UPWELLING
26.52,3.14,1.63,TIDAK BERPOTENSI UPWELLING
26.72,6.68,1.53,TIDAK BERPOTENSI UPWELLING
27.05,3.73,1.35,TIDAK BERPOTENSI UPWELLING
26.96,4.72,2.41,TIDAK BERPOTENSI UPWELLING
26.72,9.42,2.66,TIDAK BERPOTENSI UPWELLING
26.41,5.47,2.61,TIDAK BERPOTENSI UPWELLING
26.67,2.27,1.45,TIDAK BERPOTENSI UPWELLING
26.91,1.69,1.73,TIDAK BERPOTENSI UPWELLING
26.4,5.24,1.87,TIDAK BERPOTENSI UPWELLING
27.01,3.98,1.62,TIDAK BERPOTENSI UPWELLING
26.79,9.2,1.82,TIDAK BERPOTENSI UPWELLING
26.13,41.57,2.42,BERPOTENSI UPWELLING
25.8,12.0,1.53,TIDAK BERPOTENSI UPWELLING
26.0,23.47,3.31,TIDAK BERPOTENSI UPWELLING
